,Name,Author,Link,Category,The Specific Category,State,Yuepiao,Description
1,灵境行者,卖报小郎君,//book.qidian.com/info/1031940621,科幻,进化变异,连载,124198,亘古通今，传闻世有灵境。关于灵境的说法，历朝历代的名人雅士众说纷纭，诗中记载：“自齐至唐，兹山濅荒，灵境寂寥，罕有人游。”“灵境不可状，鬼工谅难求。”
2,夜的命名术,会说话的肘子,//book.qidian.com/info/1021617576,都市,异术超能,连载,99268,蓝与紫的霓虹中，浓密的钢铁苍穹下，数据洪流的前端，是科技革命之后的世界，也是现实与虚幻的分界。钢铁与身体，过去与未来。这里，表世界与里世界并存，面前的一切，像是时间之墙近在眼前。黑暗逐渐笼罩。可你要明白啊我的朋友，我们不能用温柔去应对黑暗，要用火。
3,择日飞升,宅猪,//book.qidian.com/info/1032778366,仙侠,幻想修仙,连载,34349,作为捕蛇者，许应一直老老实实勤恳本分，直到这一天，他捉到一条不一样的蛇……三月初一，神州大地，处处香火袅袅，守护着各个村落、乡镇、城郭、州郡的神像纷纷苏醒，享受黎民百姓的祭祀。然而，从这一天开始，天下已乱。本书又名《九九六修仙》《零零七也修真》《内卷》《卷到死》《谁TM也别想飞升》《好坑》《坑大坑深》《扶我起来》《三十五岁那年，我的福报来了》及《许大妖王现形记》等！
4,不科学御兽,轻泉流响,//book.qidian.com/info/1029006481,玄幻,异世大陆,连载,23394,这是一个以御兽为主流的异世界。动物，植物，元素，死灵，机械……九尾炎狐，生命古树，雷云精灵，骷髅君主，机械舰娘乃至孕育出灵的古董刀剑皆可作为宠兽，而契约、培养，御使它们的人类，则被统称为御兽师！神话学者兼考古学家时宇穿越而来，为了探寻空白的历史与失落的神话，他选择踏上了一条极为不科学的御兽之路…
5,明克街13号,纯洁滴小龙,//book.qidian.com/info/1030870265,都市,异术超能,连载,22020,我喜欢坐在夜晚空无一人的大街上，听着“他们”的窃窃私语，享受着“他们”的喧嚣。
6,基因大时代,猪三不,//book.qidian.com/info/1023212048,科幻,进化变异,连载,17199,顺风耳、千里眼，均在科学下实现，那么七十二变呢？有人说，科学的尽头是神话。那么基因进化的尽头，是什么？答案，尽在本书中。“老唐，你开启的速度类基因基点，是哪个方向的？”这个问题让唐厅一脸的惆怅。“是......手速......””许退一脸懵。手速.......老师不是说哪方面用的越多，越容易开启基因基点吗？“老唐你到底干啥了？”“照这么说，我这是吃了十八年饭，才开启的胃部基因基点吗？”既将走上饭桶之路的程默仰天长叹。许退摸着自个的脑袋，“难道我这是用了十八年脑？”.......新苗刚出，需要兄弟姐妹们的呵护，360度卖萌打滚求收藏推荐呐。兄弟姐妹们也可以看猪三的老书《造化之王》《掌御星辰》都是精品好书，老肥了。
7,天庭最后一个大佬,言归正传,//book.qidian.com/info/1033052560,仙侠,幻想修仙,连载,16439,简介:三百年前的天界，斗战胜佛踏平了雷音寺，二郎真君劈开了凌霄殿。三百年后的蓝星，五好青年周拯本来一直过着做五休二、朝九晚五的‘螺丝钉’日常，只是最近几天，他的日常出现了一点小状况。【PS：已完结《我师兄实在太稳健了》、《这个人仙太过正经》、《地球第一剑》，强推严肃向小科幻《余光》！本书普群：1098711961、398929196。进群暗号：重铸天庭荣光，我辈义不容辞！】
8,捕星之执宰星河,笨蛋老头,//book.qidian.com/info/1033523308,都市,异术超能,连载,14633,遥望黑夜的星空，宇宙似乎总是一成不变。点点星光凝聚成一张巨大的丝网吞噬着星河万物。捕捉星河之上的奇异，铸造不灭的传奇，一切都从超级玩具工厂开始。
9,重生2008：我阅读能赚钱,520农民,//book.qidian.com/info/1033273073,都市,都市生活,连载,13227,【最卷工业科技都市文】沐阳重生2008年，正值风华正茂，左拥漂亮女友，右握阅读系统。LV1时，每阅读1000字，+1元，+1技能经验；数学：2级（1300/3000）+机械制图CAD：4级（13100/100W）+......升级学科和操作技能，研发新技术，走科技强国之路！从等离子堆焊、热丝自动TIG焊、手持激光焊、机器人激光焊开始，发展基础工业，以一己之力推动全球科技进程。非神豪文、单女生、主打实体工业、怀旧文、轻松、弥补遗憾，从本书开始。前期为机械工业，老农亲自操作示范，卷死同行。
10,这游戏也太真实了,晨星LL,//book.qidian.com/info/1029391348,轻小说,原生幻想,连载,12616,这游戏也太真实了叭！搬砖、跑腿、捡垃圾、送快递……公司最多能让你体会到996的艰辛，在这里你能体会到超级加倍的007。好了，不废话了，伟大的管理者大人喊我去搬砖了。那位大人说了，只要我们努力献上自己的肝，下个月他又能换一套全新的动力甲，到时候带我们开全新的地图，去广阔的废土捡更多的垃圾！……穿越到废土世界的楚光发现，自己解锁了避难所系统，能够从平行世界召唤名为“玩家”的生物。从那天开始，整个废土都不正经了。
11,我用闲书成圣人,出走八万里,//book.qidian.com/info/1028463573,仙侠,古典仙侠,连载,10909,开局一口棺材。陈洛的穿越从灵堂开始。这是一个读书就能获得超凡威力的世界。读儒门经典，可养浩然正气；读道门典藏，可生先天源炁；读佛门经文，可悟轮回真意；偏偏陈洛的金手指却是一堆天道都不允许在这个世界出现的闲书！……什么？《聊斋》被妖国当做天书？什么？《天龙八部》打开了武学天地？别慌别慌，都是小场面！这位儒生，虎将如云、谋臣如雨的《三国演义》听过吗？那位道士，《封神演义》看过没有？你们道家在里面老牛了！哎，高僧请留步，我这里还有一本《西游记》，你感兴趣吗？……经史子集天上道，说书演义人间貌。你炼阳神他修佛，红尘有我向天笑。
12,我的人生可以无限模拟,新亭,//book.qidian.com/info/1032608969,玄幻,高武世界,连载,10498,顾阳穿越到一个高武世界，在一个小村苟了两年，总算攒够了第一桶金，激活了系统，人生模拟器。花费一定金钱，即可进行一次模拟。模拟结束后，可以保留境界，武技，人生智慧三选一。【你当了五年账房先生，攒到钱买了一本功法，十年苦修，成功成为九品武者，遇到敌人，卒！】【你一出山，就是九品，当了某个家族的护院，苦修二十年，突破到第八品，最终，老死于一个小镇。】【你一出山，就是八品，得到一个世家的赏识，被传授高深的武学，由于进步缓慢，被边缘化，十几年后，你终于突破七品，在某次任务中遇到强大的敌人，被杀。】……不知多少次模拟之后，【你遇到的人，没有一个是你的对手。你发现，自己已经无敌了。】
13,精灵世界的底层训练家,说唱鸽,//book.qidian.com/info/1029939166,轻小说,衍生同人,连载,9252,【更新日万，月40万+！】感谢联盟归还精灵世界安静祥和，因为我这个“底层”的训练家，跳反了。——源自“底层”训练家、培育家夏彦的《自述》
14,深空彼岸,辰东,//book.qidian.com/info/1027339371,都市,异术超能,连载,8470,浩瀚的宇宙中，一片星系的生灭，也不过是刹那的斑驳流光。仰望星空，总有种结局已注定的伤感，千百年后你我在哪里？家国，文明火光，地球，都不过是深空中的一粒尘埃。星空一瞬，人间千年。虫鸣一世不过秋，你我一样在争渡。深空尽头到底有什么？——————书友群见书友圈置顶帖。
15,家父汉高祖,历史系之狼,//book.qidian.com/info/1032822816,历史,秦汉三国,连载,8437,一个伟大的帝国刚刚诞生，新的时代即将到来。刘长也曾想过要不要争一争那大位，由自己来率领这个崭新的帝国，可是他看了看自己的周围，刘邦，吕后，刘盈，刘恒...嗯，活着不好吗？于是乎，刘长戴上了穿越者之耻的帽子，开始了混吃等死的咸鱼生活。又名《我愚蠢的欧豆豆》，《这娃其实是项羽的吧？》，《跟你这样的虫豸怎么能治好大汉》等等。
16,警察陆令,奉义天涯,//book.qidian.com/info/1031633183,都市,都市生活,连载,8013,人格心理学硕士毕业当警察，是一种什么体验？人，可以貌相。对于真正的专家来说，普通人看几眼就能看穿，当然，看穿城府深沉的人难度要大很多。这是一个想研究心理学的人，莫名其妙地成为了破案专家的故事～～相比《警探长》，这本书更…爽一点…
17,我的夫人竟是魔教教主,倔强的小肥兔,//book.qidian.com/info/1031527636,玄幻,东方玄幻,连载,7765,青梅：“我家相公妙手回春，医者仁心，是渝州城最有名的大夫........”安景：“我家娘子温柔贤惠，厨艺高超，国色天香.......”............月色中，一轮新的剑雨落下，两道身影相互交错。“夫君，你不是大夫吗？”“夫人，你不是大家闺秀吗？”
18,碧落天刀,风凌天下,//book.qidian.com/info/1031805005,玄幻,异世大陆,连载,5898,一刀斩破生死路，寒刃屠尽负心人！……我不要做刀，我要做执刀人。我不要做棋子，我要成为弈棋者。一个平凡人。却偏要在这世界上活出自己。未知前路渺茫，不知前途何在；只是一步步走去，不知不觉，已是一路风云，别有天地。荆棘路，红尘遥；巧腾挪，步凌霄；平沧海，翻江湖；清碧落，掌天刀。
19,轮回乐园,那一只蚊子,//book.qidian.com/info/1009817672,轻小说,衍生同人,连载,5735,苏晓签订轮回契约，进入各个世界执行任务。他曾目睹一个世界崩灭为尘粒，也曾与被遗忘的王者持刃而战。暗鸦在低语，黑渊下巨兽咆哮。欢迎来到，轮回乐园……
20,我已不做大佬好多年,萌俊,//book.qidian.com/info/1030846729,都市,都市生活,连载,5470,这是一个梦已远，却梦回八零的故事。不是打打杀杀，是人情世故。我的名，张国宾！我已不做大佬好多年。
21,诸界第一因,裴屠狗,//book.qidian.com/info/1029701421,玄幻,东方玄幻,连载,5064,浩瀚的世界重新焕发生机，远去的神魔即将归来。持一口暴食之鼎，法学生杨狱穿越而来，于边陲小镇睁眼看这似是而非的世界。他看到无垠大地之上，古老的王朝濒临末路，烽火中龙蛇四起。他看到连年征战，民不聊生。千户之地，瞬息尽成白地，万乘之国，弹指化作云烟。他看到有童子挥舞红绫舞动四海。他看到猎户立于山巅，弯弓向天。他看到巨人立地顶天，咆哮间，山河皆碎。他看到九霄云中仙神盘踞，谈笑间，沧海桑田。杨狱沉默、迷惘、压抑，直至，发出惊天怒吼：“大丈夫生当五鼎食，死亦五鼎烹！”“我这一生，绝不碌碌！”…………已有老书《诸天投影》《大道纪》，喜欢的朋友可以去看看。
22,金刚不坏大寨主,徍男,//book.qidian.com/info/1023502814,武侠,武侠幻想,连载,5034,【横推】【爆燃】【2020-2021武侠最火作品】内练一口九阳气，外练一身金刚骨，金背九环刀横扫四十丈银蓝刀气，气沉丹田左冲右突，降龙神掌轰炸全场。道心魔种......忘我唯我......葵花真劲......飞刀朔空......袈裟伏魔......天龙七式......如来神掌、战神破碎！尽在群英荟萃精彩热血的江湖！....大寨主江大力雄壮之极的身躯静坐在雕花梨木大椅上，虎皮大衣下满是鼓凸强健的肌肉，坚硬，霸道，浑身充满刚猛强横的力量感。他眼神冷峻从容，注视着周边两侧新招收的玩家。各种阿谀奉承之言，从这些韭菜口中不绝于耳传来。“大寨主威武神勇，刀枪不入铁掌无敌，求大寨主传授小的武艺！”“大寨主，敏感肌能练铁布衫吗？”“老弟，骚话少说，大寨主可是出了名的手狠心黑。”一名刚从城隍庙复活过来的玩家哭丧着脸，“像我，初听不知话中意，再听已是刀下魂。大寨主说一不二，每次提问再问第二遍就送人上路，我已经无FK可说。”总之，这就是个猛练肌肉提大刀的猛人闯荡江湖综武的那些事儿，无女主，霸道果决，铁打的大BOSS，流水的玩家.....【万均，高订七万，自上架后武侠霸榜第一长达一年多】
23,大国科技,九月酱,//book.qidian.com/info/1033013151,科幻,超级科技,连载,4862,一个来自未来的快递，让叶舟走上了科技强国之路。手握科技人生模拟器，从芯片、量子计算、人工智能，到反物质燃料、空间引擎……一个又一个的未来科技被他提取到现实中，以一己之力推动整个世界的科技进程。……【芯片之殇剧情模拟结束】【完成度100%】【奖励：芯片产业配套技术】【评价：不只是光刻机而已！】提取完奖励的叶舟如释重负。这一场牌局，我们已经打了数千年。而现在，是时候去掀翻他们的牌桌了！
24,我的属性修行人生,滚开,//book.qidian.com/info/1033060374,玄幻,东方玄幻,连载,4597,这是一个现代人回到古代，回到一个完全没有任何超凡的真实世界，靠着将一切数据属性化的异能，慢慢崛起的故事。
25,高天之上,阴天神隐,//book.qidian.com/info/1032977639,奇幻,史诗奇幻,连载,4262,“我根本不关心这个世界的人活的怎么样，吃的饱不饱，能不能穿暖住好，有没有梦想希望。我不在乎他们的爱憎。”“只是如果想要前往高天之上，需要一个完整的高等工业体系，一整套相关研究所，最先进的材料学实验室和一个能统筹一切部门的大政府。它要无数衣食无忧的国民为此奉献财富，需要几百万个高等知识分子为此贡献自己的头脑，数万不同的配套厂家供应最好的零部件。”“总之，需要一个富足的世界，一个伟大的文明才能完成它。”——伊恩一个自废墟中重生的世界。一轮即将迎来终结的纪元。一群在大地上争权夺利，为财富与力量而战的囚徒。一位凝望高天的少年。囚徒们从命运的窗里向外看，大都凝视泥土。唯有一个仰望着星。
26,终宋,怪诞的表哥,//book.qidian.com/info/1030453176,历史,架空历史,连载,4102,终宋一朝都未收复燕云，终宋一朝皆被外敌欺侮……南宋将亡之际，那些终宋一朝都没能达成的伟业，他要做到。
27,赤心巡天,情何以甚,//book.qidian.com/info/1016530091,仙侠,古典仙侠,连载,4027,（《赤心巡天》实体书已在全网发售。）上古时代，妖族绝迹。近古时代，龙族消失。神道大昌的时代已经如烟，飞剑绝巅的时代终究沉沦……这个世界发生了什么？那埋葬于时间长河里的历史真相，谁来聆听？山河千里写伏尸，乾坤百年描饿虎。天地至公如无情，我有赤心一颗、以巡天！——————欢迎来到，情何以甚的仙侠世界。——————枫林城：1044491349（普群）VIP验证群：327980714
28,我在修仙界长生不死,木工米青,//book.qidian.com/info/1031146750,仙侠,古典仙侠,连载,3775,一觉醒来，周易成了天牢狱卒，幸得长生道果，却无护道之法！修仙界妖魔乱世，鬼怪横行，危险重重，周易决定先躲起来修炼几百几千几万年！风云变幻，时光流转。一百年前放走的孩子，成为大乾开国圣祖。一千年前指点的少年，当上仙宗太上长老。一万年前豢养的宠物，变成异域绝世妖王。这是一个长生不死的凡人，坐看沧海桑田，历经纪元更迭，最终成为长生仙尊的故事！
29,宇宙职业选手,我吃西红柿,//book.qidian.com/info/1031581171,科幻,未来世界,连载,3764,融入宇宙文明后，家乡星球为了生存，步履蹒跚地在文明之路上前行。而星球上无数人类，也开始了进化之路……
30,招黑体质开局修行在废土,陈风笑,//book.qidian.com/info/1034079746,科幻,星际文明,连载,3624,穿越到废土，惯例是孤儿，该怎么办？首先要活下去，可是想做到这一点并不容易。饱暖之后就该思……咳咳，就该考虑怎么变强了，这更不容易。等曲涧磊开始逐渐变强，他意外地发现，这个废土……不是他想像的废土！
31,大明小学生,随轻风去,//book.qidian.com/info/1027459312,历史,两宋元明,连载,3608,南京城里，秦淮河畔，卑微少年站在历史的路口，贫穷人生从遇到富婆开始。大明的韭菜们并没有资格自称学生，那只好先当小学生了。
32,道诡异仙,狐尾的笔,//book.qidian.com/info/1031794030,玄幻,东方玄幻,连载,3505,诡异的天道，异常的仙佛，是真？是假？陷入迷惘的李火旺无法分辨。可让他无法分辨的不仅仅只是这些。还有他自己，他病了，病的很重。
33,开局账号被盗，反手充值一百万,酒剑仙人,//book.qidian.com/info/1033058050,都市,都市生活,连载,3219,本书又名：我就是喜欢较真！买了很久的原魔账号突然被找回，反手充值一百万，不为其他，就想让找回人进去公司因为请病假突然辞退，而且是口头通知，还很嚣张说没有合同，有本事你去告双喜临门，直接一裁两诉走起，双倍工资太香了快递不给送上门而且还口出狂言，一路按照程序投诉到底此外，熊孩子划车，遛狗不牵绳，停车堵车……诸如此类…………来都来了，他还是个孩子，人和狗较什么劲，你怎么这么事多……当很多人都抱着得过且过的思想后，这个社会需要一些认真的人！
34,我只想安静的做个苟道中人,爆炸小拿铁,//book.qidian.com/info/1026694115,仙侠,幻想修仙,连载,3129,“叮咚！”“欢迎使用全智能修真系统！”“您选择修炼【锻骨决】，系统开始为您修炼，系统检测缺少修炼丹药淬骨丹，请稍等……”“系统成功为你偷取了十颗淬骨丹，修炼继续……”“重要提示，系统修炼期间，您将失去身体的控制权……”得到智能修仙系统后，裴凌不声不响的飞速成长，准备一直苟到成仙，直到某一天……“叮咚！”“您选择修炼【无名功法】，系统检测缺少道侣，系统正在为您寻找道侣……”于是，裴凌眼睁睁的看着自己跑向隔壁仙子的修炼室……
35,我就是神！,历史里吹吹风,//book.qidian.com/info/1029247985,玄幻,异世大陆,连载,2991,五亿年前。寒武纪。尹神降临在最远古的蛮荒大地和原始海洋之上，他是一切的开端，他创造了智慧和生命，他是众生的造物主。时间的流逝里，故事化为史诗，史诗化为神话，最终神话也被埋葬在岁月之中。唯神永恒。
36,7号基地,净无痕,//book.qidian.com/info/1033533370,科幻,星际文明,连载,2969,我于废墟中仰望星辰，亦于星海中为文明而战！
37,神秘复苏,佛前献花,//book.qidian.com/info/1012584111,仙侠,现代修真,连载,2929,“我叫杨间，当你看到这句话的时候我已经死了......”一张诡异的羊皮卷，一只窥视黑暗的眼睛，这是一个活下来的人经历的故事。——————
38,神话版三国,坟土荒草,//book.qidian.com/info/3223937,历史,秦汉三国,连载,2845,陈曦看着将一块数百斤巨石撇出去的士卒，无语望苍天，这真的是东汉末年？吕布单枪匹马凿穿万人部队，这怎么看都不科学。赵子龙真心龙魂附体了，一剑断山，这真的是人？典韦单人护着曹操杀出敌营，顺手宰了对面数千步骑，这战斗力爆表了吧！这是不是哪里有些不对啊，陈曦顺手摸了一把鹅毛扇挥了一下，狂风大作，叹了一口气，“这是神话吧，我自己都不正常了。”ps：其实这是一篇正经的种田文……QQ群：95010223（满了）全订验证群：949176942酱油群：397441818（快满了）二群：418928396（快满了）三群：371034966五群：966666635
39,什么叫六边形打野啊,这很科学啊,//book.qidian.com/info/1031785579,游戏,电子竞技,连载,2787,{英雄联盟电竞文}团战、Gank、视野、操作、意识、英雄池……全部拉满！顾行用职业生涯诠释着，什么叫六边形打野！……18岁的顾行意外发现了自己的独特天赋，他原本只想利用暑期空闲时间赚点生活费，缓解一下家里的经济压力，却阴差阳错一头扎进了2016年的LPL。联赛内有横扫一切的EDG，异军突起的RNG，重组2.0版本的WE……联赛外强敌环伺，连续3年夺冠的LCK气势如虹，还在延续自己的宰治，欧美赛区蠢蠢欲动试图翻身，LPL依旧行走在漫无边际的黑暗中。但来都来了。在顾行踏上职业道路的这一刻开始，目标就只有冠军！从懵懂新人到队伍领袖，再到赛区乃至英雄联盟的标志，他一步步迈上巅峰！
40,我的老婆是执政官,录事参军,//book.qidian.com/info/1032768307,历史,架空历史,连载,2743,法律天才一觉醒来变成“民国”法庭上的被告，奸夫，身旁还有一位绝代尤物，罪妇。至于判决的预期是……绞刑？！？？？WLGDC！！！！参军出品，必属精品！
41,重生之似水流年,苍山月,//book.qidian.com/info/1027551057,都市,都市生活,连载,2724,一个伤痕累累的中年灵魂倒退回时光里，拥抱98年的斑驳阳光。蓦然发现，原来那时少年正好，岁月飘香。原来犯错才叫成长，青春可以如此飞扬...
42,天启预报,风月,//book.qidian.com/info/1014180485,奇幻,现代魔法,连载,2704,“我想要挨一顿毒打……”——灾厄之剑、旧世界守墓人、调律师、最后的天国捍卫者、二十四个毁灭因素之一、淮海路小佩奇、深渊烈日、最终的地狱之王：槐诗。.某一天，穷困潦倒的槐诗忽然发现自己捡来的金手指终于能用了……只不过，这似乎并不是一件好事。为了赚钱和苟命，他一不小心踏入了这个危险世界。现境之外的边境，日常之后的异常。天文会，绿日、黄金黎明、存世余孽与诸界天敌……究竟是生存还是灭亡？这是个问题。那么，就在这一万零一种拯救世界的方法中，选一个通往HAPPYEND的方向吧。
43,术师手册,听日,//book.qidian.com/info/1025990049,轻小说,原生幻想,连载,2690,1668年，我所在的城市被评为全国治安最好的地区。我对此做出了不可磨灭的贡献。因为我落网了。
44,修仙就是这样子的,凤嘲凰,//book.qidian.com/info/1031587468,仙侠,幻想修仙,连载,2640,九州世界，满怀怨气的玩家们聚集一处，滴血为盟，誓要让大魔头魂飞魄散。一时间，八方响应，风起云涌，所有人都看到了美好的明天。除了陆北。他就是那个所谓的魔头。“说我魔头，怪我坑你们，我一NPC，怎么可能坑你们，修仙就是这样的！”
45,脑海带着一扇门,薄荷也会上火,//book.qidian.com/info/1030069486,都市,都市异能,连载,2626,江小川穿越到平行空间的年代，在这物资匮乏的年代，用自己的空间和异能暗暗过着潇洒的生活。这是一场旅途…ps:本故事纯属虚构，只有家长里短，不涉嫌敏感。不喜勿喷。谢谢
46,黜龙,榴弹怕水,//book.qidian.com/info/1031516087,历史,架空历史,连载,2605,此方天地有龙。龙形百态，不一而足，或游于江海，或翔于高山，或藏于九幽，或腾于云间。一旦奋起，便可吞风降雪，引江划河，落雷喷火，分山避海。此处人间也有龙。人中之龙，胸怀大志，腹有良谋，有包藏宇宙之机，吞吐天地之志。一时机发，便可翻云覆雨，决势分野，定鼎问道，证位成龙。作为一个迷路的穿越者，张行一开始也想成龙，但后来，他发现这个行当卷的太厉害了，就决定改行，去黜落群龙。所谓行尽天下路，使天地处处通，黜遍天下龙，使世间人人可为龙。这是一个老套的穿越故事。
47,我的治愈系游戏,我会修空调,//book.qidian.com/info/1025901449,悬疑,侦探推理,连载,2596,警察同志，如果我说这是一款休闲治愈系游戏，你们信吗？
48,红楼之挽天倾,林悦南兮,//book.qidian.com/info/1032610158,历史,架空历史,连载,2595,千红一哭，万艳同悲。白骨如山忘姓氏，无非公子与红妆。后世青年魂穿红楼世界中宁国远亲之上，为了免于被贾府牵连之命运，只好步步为营，然而茫然四顾，发现家国天下，乱世将临，为不使神州陆沉，遍地膻腥，只好提三尺剑，扫不臣，荡贼寇，平鞑虏，挽天倾！这一切，从截胡秦可卿开始……
49,神秘之劫,文抄公,//book.qidian.com/info/1030011567,游戏,游戏异界,连载,2581,神秘复苏，诸神黎明，一定是好事么？伴随着灵气复苏所带来的，还有……无解之恐怖！一个奇异的姓氏、一个穿梭两界的灵魂，一段神秘的史诗……
50,镇妖博物馆,阎ZK,//book.qidian.com/info/1026722127,悬疑,诡秘悬疑,连载,2555,世之反常为妖物之性灵为精魂之不散为诡物之异常为怪司隶校尉，旧称卧虎，汉武帝所设，治巫蛊之事，捕奸滑之徒。全球范围内的灵气和神秘复苏，人类摸索着走上修行道路，潜藏在传说中的妖精鬼怪一一浮现，阴影处仍旧有无数邪魔晃动，一间无人问津的博物馆，一面汉武帝时期的刻虎腰牌，让卫渊成为当代最后一位司隶校尉，带他前往古往今来诸多妖异之事。古今稀奇事，子不语怪力乱神，姑妄言之，姑妄听之。姑且斩之。一柄八面汉剑，斩尽魑魅魍魉。生死当定，天道存心。当最后卫渊终于能在和平岁月里，躺着木椅眯眼晒太阳的时候，背后的博物馆里已经封印了无数的妖魔鬼怪。
51,大夏文圣,七月未时,//book.qidian.com/info/1033544120,仙侠,古典仙侠,连载,2549,神洲。大夏王朝。永盛十二年。顾锦年穿越而来，惊奇发现这是个仙武并存，王朝主宰的世界。这个世界有儒、道、武、佛、妖、术、剑。自己则成了大夏王朝第一权贵镇国公长孙，自幼锦衣玉食，享万千宠溺。然而顾锦年更是发现，神洲世界有天命之说，五百年定一次天命，得天命者可踏入传说之中的第八境。此番天命为儒道也，故万般皆下品惟有读书高。可最让顾锦年震惊的是，自己的儒道，竟有恐怖异象。下棋落子，金光璀璨，大龙浮现，天地大同，为棋坛圣手。作诗异象，十里花香，百里祥云，千里奇观，为古今诗仙。丹青成真，画龙点睛，落笔有神，墨宝无价，非有诏不得画。文章惊天，旷古烁今，字字珠玑，人人如龙，千古绝唱惊世人。吾名顾锦年，大夏文圣。------已有三万均订作品，《大魏读书人》，两百四十万字完结作品。新书再续儒道热血，主打家国热血，文人风骨，与上本书不同质，有区别，放心入坑。
52,保护我方族长,傲无常,//book.qidian.com/info/1024121691,玄幻,东方玄幻,连载,2531,穿成【玄幻世界】的【族长】，从家族角度描绘尽量真实的玄幻世界，种灵田、养灵鱼、全面发展各种家族产业，扶植咸鱼长辈成老祖担当保护伞，激励小辈勇闯圣地学宫出人头地。本文家庭成员和睦团结，齐心协力，一起共创未来。非热血战斗式玄幻，以提升各项家族产业，资金、设施、家仆、家将、族人、客卿、姻亲等元素为主。力图从新鲜的视角去看”老套“的玄幻世界。剧情讨论群：837185062
53,诡秘之主,爱潜水的乌贼,//book.qidian.com/info/1010868264,玄幻,异世大陆,完本,2495,蒸汽与机械的浪潮中，谁能触及非凡？历史和黑暗的迷雾里，又是谁在耳语？我从诡秘中醒来，睁眼看见这个世界：枪械，大炮，巨舰，飞空艇，差分机；魔药，占卜，诅咒，倒吊人，封印物……光明依旧照耀，神秘从未远离，这是一段“愚者”的传说。
54,星门,老鹰吃小鸡,//book.qidian.com/info/1027669580,玄幻,高武世界,完本,2347,传说，在那古老的星空深处，伫立着一道血与火侵染的红色之门。传奇与神话，黑暗与光明，无尽传说皆在这古老的门户中流淌。俯瞰星门，热血照耀天地，黑暗终将离去！
55,此间的男神,周一口鸟,//book.qidian.com/info/1033356064,都市,都市生活,连载,2292,“别和我表白，我真不会拒绝。”“我都和你说过了，我不会拒绝...”
56,陈医生，别怂！,手握寸关尺,//book.qidian.com/info/1033731887,都市,都市生活,连载,2189,【叮！你收到了来自患者的恶意投诉，获得系统补偿奖励！】如果你有一个差评补偿系统，你会选择成为什么样的人？！陈南选择做一个好人。一个敢说真话的人。一个光明磊落的人。一个不畏强权的人。一个绝不妥协的人。一个面对这群魔乱舞时代，绝不认怂的人！为众人抱薪者，不可使其冻毙于风雪！为苍生治水者，不可使其沉溺于湖海！为当下奋斗者，不可使其淹没于尘埃！为未来奠基者，不可使其从宽而入窄！悲兮叹兮，若善者不得善终，恶者可更恶乎？泱泱之邦，我陈南愿守医德，明是非，无苟且，尽真言，以求悲剧不复！我若为医，便要做那顶天立地，不为苟且，光明磊落的医！
57,我在1982有个家,全金属弹壳,//book.qidian.com/info/1031440041,都市,都市生活,连载,2188,王忆得到一枚钥匙，在2022年打开一扇门会去往1982年，在1982年打开一扇门会回到2022年。两个截然不同的大时代出现在他面前：充沛的饮食保障，发达的工业产品，神效的医药，爆炸的信息，这是2022。淳朴的民风乡情，丰富的野生资源，流落的古董，年代的珍宝，这是1982。穿梭在这两个时代，王忆没有太大的念想，他就是想把小日子过的有滋有味。
58,异常收藏家,捕梦者,//book.qidian.com/info/1029571892,科幻,进化变异,连载,2172,上班第一天就想辞职的李凡，突然发现自己原来是这个世界的二号反派。“我就混吃等死熬到退休行不行？”“收藏家大人，兄弟们都拥护您当会长，咱们反了吧？”
59,在美漫当心灵导师的日子,遇牧烧绳,//book.qidian.com/info/1032768092,轻小说,衍生同人,连载,2169,原书名《美漫：开局指导蝙蝠侠》一朝穿越，席勒成了蝙蝠侠的老师，哥谭大学心理学教授。刚来第一天，布鲁斯·韦恩就进了心理诊室。席勒只得打开美漫聊天系统，发了第一条帖子:蝙蝠侠问我人生的意义，该怎么回答？在线等挺急的。席勒·安戴尔·罗德里格斯，世界级犯罪心理学大师，哥谭大学最知名的心理学教授，他的学生既有超级英雄，也有超级罪犯，但他却不属于其中任何一个，蝙蝠侠喜欢称他为“教授”，小丑把他念作“最冷静的疯子”，稻草人叫他“阿卡姆漏网之鱼”，尼克·弗瑞认为他是“脱罪家”。做蝙蝠侠的老师、小蜘蛛的教父、钢铁侠的心理医生，席勒的美漫之旅，从开局指导蝙蝠侠开始。综美漫（包含电影宇宙），DC漫威及其他漫画，不虐主，配角不降智。（别在意书名！不是工作室文！不是聊天群！系统没啥存在感！正准备改名了！真的正在改了！）
60,艾泽拉斯阴影轨迹,帅犬弗兰克,//book.qidian.com/info/1028005898,游戏,游戏异界,连载,2150,骨灰级玩家穿越魔兽，成了吉安娜的亲哥哥，咱现在也是王子了，为了家族存续着想，我是不是该先把自家妹妹的腿打折，免得她以后成为一个弑亲禽兽？等等？怎么一过来就要先死一次？让我看看攻略。嗯，先触摸额头开启人物面板，然后抄起武器去开了那个兽人的脑壳，如果掉落装备就赚了，没有也不必伤心，洗把手，然后再去找下一个……好了，不开玩笑了，让我们正经一点，重新开始讲这个故事：死亡是一把钥匙，打开新的人生。布莱克.肖手握玩家模板，可以打怪升级，坐拥职业系统，一路高歌猛进。系紧黑夜为披风，手握阴影做利刃，用杀戮磨砺爪牙，以恐惧喂养野心。从风暴王国到奥格瑞玛，他的恶行无人不知，从冰冠冰川到潘达利亚，他的恶名无人不晓。当黑衣帝王破影而出时，整个世界都战栗不休。这就是关于这个人的故事，从黑暗之门六年的卡兹莫丹讲起...
61,请公子斩妖,裴不了,//book.qidian.com/info/1033498464,仙侠,幻想修仙,连载,2066,【无厘头】【无节操】【无套路】……巍巍人间，九天十地。花花世界，快乐修仙。当楚梁睁开眼发现自己成为了一名蜀山派弟子，并身怀一尊奇异宝塔……从此便踏上了一条不曾设想的道路。三十六峰晨烟起，八千里外斩龙还！……“请公子斩妖！”
62,做媒这一块，我谁都不服,二蛇,//book.qidian.com/info/1033755712,都市,都市生活,连载,2047,“新人进了房，媒人扔过墙。”“宁信世上有鬼，不信媒婆一张嘴。”“不做中，不做保，不做媒人三代好！”从以上的三句话中就可以看出媒人在国人眼中的地位有多尴尬了。大学刚毕业的江枫忽然拥有了可以看到婚姻匹配值的神奇能力，于是他便回到农村老家，开始了他神奇的职业媒人之路。在江枫的撮合下，一对又一对的夫妻成为了众人眼中的模范夫妻。不到半年时间，江枫便成为十里八乡最有名的媒人，每天红包与礼品收到手软。而随着江枫做媒的名声越来越响亮，不少明星、富豪、官宦以及社会名流都备好重礼登门拜访，邀请江枫替他们本人或者亲人做媒。多年后，已经站在行业巅峰的江枫蓦然回首，发现他在不知不觉间就改变了世人对媒人的看法，极大地提高了媒人的行业地位。本书又名《天下第一媒》、《史上最强媒人》、《媒人的天花板》、《做媒也能发家致富》、《我要做万人敬仰的媒人》、《想飞上天与月老肩并肩》等等。谨以此书祝愿天下有情人终成眷属！
63,开局就较真，对面被我吓到报警！,观鱼的星河,//book.qidian.com/info/1033678016,都市,都市生活,连载,1977,本书又名：《我就是往死里较真》《只要我没有道德，谁特么也不能绑架我》《打雷的时候离他远点》《论优先占领道德低处的重要性》重生一世。看到没素质的人和事，秦牧不打算再惯着。“你都快三十了，和一个孩子计较什么？”“大过年的，你就不能心胸宽广一点吗？”“你这么有钱都用不完，为什么不捐给贫困山区?”“你是姐姐，就应该让着弟弟。”“一个巴掌拍不响，他打你肯定是你自己也有问题。”“我这么做还不都是为了你吗？你以为我乐意？”当碰到这些道德绑架、强行换位的现象后。本来睁只眼闭只眼的秦牧，决定管上一管。没有人是你爹，原谅你是警察的事，和我有什么关系？
64,火力为王,如水意,//book.qidian.com/info/1026957246,都市,都市生活,连载,1933,在大部分行当里，有人是老天爷不给饭吃，有些人是老天爷赏饭吃，有些人，是老天爷追着喂饭吃。在私人武力这个领域里，老天爷强行给高光灌饭吃。开局被绑架，高光为了活命，他被迫成为了私人武力承包商的一员。直到有一天，在私人武力这个领域里，他让高光时刻成为专业术语。他致力于提供战争相关周边服务，包括但不限于武力、军火、情报、以及技术支持。作为业界良心，品质保证。高光，你值得信赖。
65,长夜余火,爱潜水的乌贼,//book.qidian.com/info/1023422452,玄幻,异世大陆,完本,1925,灰土上所有人都相信，埋葬在危险和饥荒中的某个遗迹深处，有通往新世界的道路，只要能找到一把独特的钥匙，打开那扇门，就能进入新世界。在那里，大地是丰饶的，就像流淌着奶与蜜，阳光是灿烂的，似乎能洗去寒冷和阴晦。人们不用再面对荒芜、怪物、感染、畸变和各种危险的事物。在那里，孩子是快乐的，成人是幸福的，一切都是美好的。灰土上每一个古物学者、遗迹猎人和历史研究员都知道，这里就是新世界。
66,曾经，我想做个好人,常世,//book.qidian.com/info/1033806888,轻小说,原生幻想,连载,1919,穿越到一个有着各种奇怪能力，灾难生物，厄运宝具的危险世界。方泽只想觉醒个超凡能力，当个普通的探员，吃吃皇粮，好好的活下去。但他却发现自己从刚穿越，就被卷入到了一场巨大的阴谋当中……奇怪的能力、宝具有：种在身上就可以永葆青春的蘑菇；每分一个分身就会智商下降、实力提升的小丑；出世就引得地区下起黑雨，生物疯狂的破旧神像；捡起就会被附身的古钱币；可以代替主人学习、锻炼，而且效果翻倍的替身地灵等等….————————已有三本万订、精品作品，全都几百万字正常完本，更新期间无断更。人品保证，放心跟读。
67,大梦主,忘语,//book.qidian.com/info/1016534035,仙侠,幻想修仙,连载,1916,一个从小体弱多病的富商之子，在寻求续命之法时，意外走上了修仙登天之路！大唐盛世，天下安泰，风调雨顺，百姓安居。千年后世，魔物吞天，妖鬼横行，遍野哀鸣。西游再现，大圣斗天，天蓬下凡，卷帘重生。莫名的穿梭与轮回，虚实掩映，真幻交织！是预言中的梦境？还是尚未发生的现实？他能否打破命中注定的魔障，消弭还未发生的三界大劫，挽救苍生于水火？
68,半仙,跃千愁,//book.qidian.com/info/1020180183,仙侠,神话修真,连载,1813,深山有道观，香火早凋零。鄙人不才，年方十九，打小就是一名道士，上有师兄十数位，下惟余最小，俗称关门弟子。师门太穷，师兄们难耐清苦，幸掌门师尊豁达，任由众师兄散伙而去。后有三位师兄迷途知返，年纪颇大，皆有四五十。蒙师尊垂青，逝前传掌门之位于小道，然无论年岁或资历皆不能服众，三位师兄不服。师门不幸，小道不是软柿子，绝不退让，与之内讧。山下村中，有新举人，乃小道发小，师尊逝前亦有交代，护送其进京赶考。义不容辞，且容小道人间走一遭，回来再与众师兄斗！QQ书友群：884037273
69,重生之我要冲浪,睡觉会变白,//book.qidian.com/info/1033830145,都市,都市生活,连载,1777,重回过去，姚远一心一意只想浪~啊呸，只想冲浪！
70,大明第一臣,青史尽成灰,//book.qidian.com/info/1031417905,历史,两宋元明,连载,1777,元末濠州城外，朱元璋捡到了一个少年，从此洪武皇帝多了一条臂膀。抗元兵，渡长江，灭陈友谅，伐张士诚。创建大明，光复燕云。我无处不在。从此洪武立国，再无遗憾。大明根基，固若金汤。针对小明王的事情，我们需要采取四阶段战术。首先，我们宣称什么事都没有。其次，我们说或许发生了什么事情，不过我们什么都不用做。再次，我们说或许应该做点什么，可惜什么都做不了。最后，我们很遗憾小明王以身殉国，当初要是做点什么就好了。……有人问：身为太祖第一心腹重臣，如何轻松避过风风雨雨，安享天年？张希孟谦虚地说：“仆只是大明朝卑微的社会公器，用来盛放太祖皇帝深思熟虑的果实！”
71,朕,王梓钧,//book.qidian.com/info/1028520538,历史,两宋元明,连载,1762,回到明末，沦落为奴。这皇帝，乞丐做得，建奴做得，流寇做得，家奴就做不得？
72,射手凶猛,初四兮,//book.qidian.com/info/1030052039,游戏,电子竞技,连载,1723,你希望自己能成为一名什么风格的adc？是稳健发育，打团化身为无情的输出机器，成为队伍中最稳定的一环？还是…挽狂澜于既倒，身陷绝境仍不放弃哪怕一丝操作的机会，游走于刀尖之上？李落：小孩子才做选择，我全都要！非系统文，非无敌流，已有完结精品《联盟之佣兵系统》《这个选手罪孽深重》
73,光明壁垒,会摔跤的熊猫,//book.qidian.com/info/1031732984,科幻,进化变异,连载,1721,名为【深海】的精神网络，链接了五片大洲，人类文明飞快前进，却不知道永夜即将垂临。超凡觉醒，大厦将倾。血肉苦弱，何以飞升？故事从接过一把承载真理的戒尺开始。顾慎，一个平凡无奇的少年，掀开了这个超凡世界的一角真相，也成为了万千扑火飞蛾中，最大的那一只。若凛冬将至。我将逆阶而上，掀翻诸王之宝座，弹碎虚伪之冠冕，毁去不公之权杖。我将成为人类最后的，光明壁垒。
74,每天都离现形更近一步,陈词懒调,//book.qidian.com/info/1025461668,科幻,进化变异,连载,1674,风羿创业遇挫陷入困境时，姑祖母的私人管家带着一份巨额遗产找到他。风羿：“同辈的那么多，她老人家为什么留给我？”管家：“你长得最讨喜。”风羿摸了下自己的锥子脸：“她老人家眼光真好！”然而，继承遗产之后，整个人都不对劲了。————强吗？帅吗？狂吗？牛X吗？智商换的（bushi）。
75,影帝他不想当太监,江公子阿宝,//book.qidian.com/info/1031493625,都市,娱乐明星,连载,1632,我以后再也不要做太监了！大明朝最年轻最英俊的厂公，穿越成了横店一名群演。遣返倒计时开始！剩余时间92小时29分48秒……是当影帝日入两百万，还是被送回去当太监。你特凉的告诉我这是选择题？！！本书又名《作者他也不想当太监》本故事纯属虚构，如有雷同，你咬我啊~
76,第一玩家,封遥睡不够,//book.qidian.com/info/1024813370,游戏,游戏异界,连载,1607,【如果全人类都把希望寄托给一个人，这条路就会好走吗？】…“当你看到这行字时，赎回星球的生死游戏已经开始”“所有玩家共同穿梭一个个异世界，换得赎回故土的生机”“我是苏明安，拥有仅我得知的死亡回档能力”“被淘汰的玩家成为了观众，在亿万热度的直播间中，他们说我是——最强的【第一玩家】，黑暗时代的传火者”“也有人说，我是只知道通关的疯子，不称职的领头羊”“…但没有关系”“为众抱薪者，不可冻毙于风雪。为自由开道者，不可困厄于荆棘”“我保守着，侵略者也不知的秘密——每当未来处于绝望，我是唯一能回到过去，改变悲剧的人”“无法见光的时代，以谎言欺骗世界，在无数条失败的世界线摸黑前行”“我会将我铸就的最好的那一个【光辉未来】，带给所有注视我的人”…“…哪怕是踩着我的无数尸骸与骨灰。”…原创副本，大量长线伏笔和反转揭露，多短结局，电车难题、时间跳跃等副本进度:菌菇末世→高三校园→狼人杀村→白沙病院→血族盛宴…【时间长河的唯一守望者，背负人类命运而行】【愿你在大众的狂热和信仰中，行进至这场荒谬游戏的终末】【——遥望远方故土，背负文明热望。】
77,大时代从1983开始,晨风天堂,//book.qidian.com/info/1031809500,都市,都市生活,连载,1599,干了一辈子制造业的白昊重生于一九八三年。他从头做起带着小破厂一路奔驰！五轴、盾构、光刻……都是他的专利！“不为别的，就为了这辈子不再受外国佬的气！”—白昊
78,皓玉真仙,小道不讲武德,//book.qidian.com/info/1025172188,仙侠,幻想修仙,连载,1580,群号在每页的作者说里以及简介下方都能直接点进来。天地如棋盘，万物如棋子。待我执棋时，必将一袖推翻！假丹大能夺灵重修，携至宝，成就皓玉海千古第一真仙！不虐主，不圣母，新修仙严谨爽文
79,重生大时代之1993,三月麻竹,//book.qidian.com/info/1027697153,都市,都市生活,连载,1559,重活一次，钱要好好挣，生活要慢慢过。
80,讨逆,迪巴拉爵士,//book.qidian.com/info/1031612594,历史,架空历史,连载,1534,史上最惨的造反。看着仅有的两个手下，杨玄觉得这个造反是不是有些儿戏。“郎君，不是造反。是……讨逆！”怡娘认真的道：“郎君才是正朔，如今长安城中的是伪帝。”直至某一天，杨玄打开了那个来自于千年后的神奇卷轴。原来造反，不，原来讨逆真的不是事啊！
81,大明：我，调教木匠皇帝,风少羽,//book.qidian.com/info/1033759399,历史,两宋元明,连载,1528,虽然我科举舞弊，结党谋权，还调教木匠皇帝，但是我知道自己是个好官——张好古！
82,星界使徒,齐佩甲,//book.qidian.com/info/1030925549,游戏,游戏系统,连载,1524,人类文明星际扩张，疆域领土横贯星空。在星际移民的时代浪潮中，周靖意外觉醒星界穿梭之力，创建【星界使徒】作为载体，承载自身的灵魂，投放至不同位面，以不同身份在诸界行走。既定的人生轨迹迎来转折，每创造一具化身，便如同一次新生。然而他慢慢发现，似乎人类文明对众多位面，并非一无所知……——多元的位面，多元的阵营，各自的命运于诸界碰撞！而他是唯一以千变万化姿态游走其中的，星界行者！
83,我真不想跟神仙打架,中秋月明,//book.qidian.com/info/1029968248,都市,青春校园,连载,1524,重回90年代，那个神仙打架的纯真时光，荆小强用他那天下无敌的手感跟嗓子，泰山崩于前而色不改的无聊心态，当了个顶尖文艺工作上班族，打卡上台，打卡下班，什么顶礼膜拜，什么歌坛荣耀可去他的吧
84,女主从书里跑出来了怎么办,姬叉,//book.qidian.com/info/1031581482,都市,都市异能,连载,1523,楚戈是个后宫文写手。当他正在写天下最强者之一的女宗主芳心萌动的时候……一个女人出现在他的房间里，持剑架在他的脖子上：“你敢写我爱上那个男人，我就杀了你。”
85,大圣传,说梦者,//book.qidian.com/info/1890269,仙侠,修真文明,连载,1510,妖魔中的至高无上者，名为“大圣”。少年走出山村，踏遍天下，一步步跨入传说中，成为神话。VIP群：102407797（需全订阅）普通群：128914315
86,一拳神僧,沈不渡,//book.qidian.com/info/1033946860,仙侠,古典仙侠,连载,1508,此方世界，妖魔横行。沈不渡穿越成了一名小和尚，谨慎的他苦练了三年如来神拳，才敢下山驱邪。当貌似强大的邪物，被他平平无奇的一拳打爆后，看着掉落的阴灵丹，沈不渡陷入了沉思。把佛缘送给有缘人，就能获得暴击补偿？“您赠送一枚阴灵丹，触发十倍暴击补偿，获得：阴灵丹*10！”收获从长安一套房，变成了十套。从此以后，这个世界的妖魔鬼怪遭了殃。“施主，你的掉落与我佛有缘啊！”
87,从神探李元芳开始,兴霸天,//book.qidian.com/info/1031580762,历史,架空历史,连载,1490,穿越李元芳，神探竟是我自己，最开心的事情有两件：第一，犯人被我揭穿真面目，狗急跳墙要对侦探动手，我笑眯眯的拔出了刀；第二，身边有个狄胖胖，每次遇到案件，我总是忍不住问一句：怀英，你怎么看？（书友群797607104）
88,弃宇宙,鹅是老五,//book.qidian.com/info/1025677149,仙侠,幻想修仙,连载,1463,地球元气复苏了，但这真不是地球灵气复苏的故事，而是一个流浪宇宙的故事。
89,奶爸学园,剑沉黄海,//book.qidian.com/info/1021836787,都市,都市生活,连载,1437,都说女儿是前世的情人，那万一前身是海王怎么办？金牌编剧穿越而来，面对的不是飞黄腾达三宫六院娱乐帝国，而是，满！园！子！的！瓜！娃！子！（日常风，温馨风，轻喜风，有萌娃，已有完本小说《与萌娃的文艺生活》《哥哥万万岁》）
90,非正常三国,会说话的胡子,//book.qidian.com/info/1033542056,历史,架空历史,连载,1436,数百年前的天地异变虽未完全改变历史，却让历史走上了另一条奇异的道路。气运与天赋神力的交织，让这个三国变的不正常起来，如何在这样一个强者遍地的时代走出自己的路，尤其是在成为吕布的女婿后，楚南觉的这条路变的更难走了……
91,晚唐浮生,孤独麦客,//book.qidian.com/info/1028365093,历史,两晋隋唐,连载,1434,公元878年，唐僖宗乾符五年。这一年，王仙芝战死黄梅，部众推黄巢为主，号冲天大将军，转战南方。这一年，李克用杀大同军使段文楚，父子二人发动叛乱，沙陀兵马抄掠河东。这一年，江南盗贼蜂起，连陷州郡。这一年，河南连岁旱蝗，军士作乱。这一年，僖宗斗鸡击球，不理朝政。这一年，大唐风雨飘摇。这一年，后世穿越而来的邵树德有自己的理想。他想登高望远，看到的是万家灯火；他想游览山河，看到的是田园牧歌。他想孩童长得健壮，他想妇人免遭凌辱，他想老人能得善终。他想结束这个乱世。
92,身为超人弟弟的我却成了祖国人,逃跑的芳一,//book.qidian.com/info/1033748239,轻小说,衍生同人,连载,1421,神奇女侠：为什么你是超人的弟弟？艾瑞克答曰：穿越第一天，同为婴儿的我爬进超人的婴儿太空舱，把他推出去，自己鸠占巢穴，然后就成了“氪星之子”。超人：为什么你不去救飞机？艾瑞克答曰：我不会踩着空气举东西。蝙蝠侠：为什么这次氪石对你不起作用？艾瑞克答曰：本来想以氪星人的身份和你们相处，可换来的却是疏远。行了，我不装了，我摊牌了，我是祖国人。......这是一个套着祖国人模版，被人误以为是氪星人，实际是阴险腹黑的家伙，在超级英雄世界搞事的故事。群482615047，欢迎加入！
93,黎明之剑,远瞳,//book.qidian.com/info/1010400217,科幻,时空穿梭,连载,1406,高文穿越了，但穿越的时候稍微出了点问题。在某个异界大陆上空飘了十几万年之后，他觉得自己可能需要一具身体才算是成为一个完整的穿越者，但他并没想到自己好不容易成功之后竟然还需要带着这具身体从棺材里爬出来，并且面对两个吓蒙了的曾曾曾曾……曾孙女。以及一个即将迎来纪元终结的世界。
94,呢喃诗章,咸鱼飞行家,//book.qidian.com/info/1027630529,轻小说,原生幻想,连载,1403,来到蒸汽工业蓬勃发展的新世界，继承王国首都广场的三层公寓，带着别人的猫，听着耳边的呢喃之语，去见证这个诡秘而离奇的时代。第六纪元的史诗即将开始，帷幕后，被选中者将要踏入传说。旧神、遗物、蒸汽、魔女、侦探、远古的奥秘、纪元的辉光......“你要玩一把罗德牌吗？”岁月铭刻光阴，银月照耀阴影。我为你谱写传说，你为我呢喃诗章。（另有老书五百万字完本，一天两更从不断更。上午六点五十，下午五点五十，咸鱼出品信誉保障。）
95,仙子很凶,关关公子,//book.qidian.com/info/1026684143,仙侠,幻想修仙,连载,1395,左凌泉刚出生，便拥有了凡人能拥有的一切。名门贵子、俊美无双、家财万贯……但蹒跚学步之时，却发现这世界不属于凡人。妖鬼精怪、御风而行、大道长生……毫不意外，左凌泉踏上了追寻长生的路途。高人曾言：九域莽荒，太虚无迹。修行一道，如长夜无灯而行，激流无桥而渡。我辈修士，当谋而后动，万事‘从心’。左凌泉谨记教诲，就此凡事顺应心意，为所欲为……-------PS：已有万订完本作品《世子很凶》，多主角架空武侠，有兴趣的大佬可以瞅一眼。书友群：1012109860（V群敲管理）
96,这个网游策划果然有问题,献歌,//book.qidian.com/info/1032832233,轻小说,原生幻想,连载,1394,一款半年没有更新，开发预算是同期游戏的七倍，而营收却只有其十分之一的垃圾回合制网游。一款谁都已经放弃的垃圾游戏，在即将关服的最后时刻……发布了一个新版本。主策林瑶。从此一战成名。——“花样最多、路子最野、降维打击、虽然不明白她在做什么，但她总是比我们赚得多……”
97,谁还不是个修行者了,金色茉莉花,//book.qidian.com/info/1031784529,轻小说,原生幻想,连载,1371,穿越到了一个玄幻世界，然而——具备先进思想的修行者们刚刚以一场旷日持久的战争结束了早已步入黄昏的旧修行时代。皇权压迫的时代没有了，修行者高高在上的时代消失了，这是一个修行普及、充满活力的崭新时代。欢迎来到新时代的黎明。这个年代，谁还不是个修行者了。
98,我家娘子，不对劲,一蝉知夏,//book.qidian.com/info/1032982789,轻小说,原生幻想,连载,1364,一觉醒来。洛青舟成了大炎帝国成国府洛家的一个小小庶子。为帮洛家二公子悔婚，洛青舟被迫入赘，娶了一个据说不会说话不会笑的傻子新娘。直到拜完天地，洞房花烛夜后，他才突然发现：“我家娘子，不对劲！”岂止娘子不对劲，就连娘子身边的两个小侍女和秦府其他人，都不对劲！大侍女甜美娇俏爱撩人，声如百灵鸟；小侍女冷若冰雪杀气重，出剑即封喉。小姨子才华横溢，是个如林黛玉般柔弱娇美的人儿。小表姐高傲蛮横，鞭鞭致命。岳父大人满脸正经，暗地里出口成脏。岳母大人貌美如花，眼生头顶爱翻白眼。二哥一心练武，说要光宗耀祖。而洛青舟，他只想老老实实做个小赘婿，然后偷偷摸摸，天下无敌……
99,全职艺术家,我最白,//book.qidian.com/info/1022282526,都市,娱乐明星,连载,1311,“音乐、影视、绘画、书法、雕塑、文学……”“你都懂？”“略知一二。”“都会一点的意思？”“嗯，都会亿点的意思。”怀揣系统，靠艺术征服世界，成为各界人士顶礼膜拜的无冕之王。
100,玄浑道章,误道者,//book.qidian.com/info/1015358161,仙侠,修真文明,连载,1298,在这个神怪遍地的世界经历了第六个纪元之后，煌煌天夏降临了！…………玄浑道章书友群：【762873632】玄浑道章•造化之界：【526275426】玄浑道章VIP书友群：【615387042】…………
